id,name,last_name,address,mobile,email,password_hash
1,John,Doe,123 Main St,1234567890,johndoe@example.com,$2a$10$S3U9aF6p9pZBZzT1N6YK5eRcXuJz8y3nX4b7Fb8iJt1R4W1wE3T4O
2,Jane,Smith,456 Elm St,9876543210,janesmith@example.com,$2a$10$F6p9pZBZzT1N6YK5eRcXuJz8y3nX4b7Fb8iJt1R4W1wE3T4O2a$
3,Michael,Johnson,789 Oak St,5555555555,michaeljohnson@example.com,$2a$10$Zz8y3nX4b7Fb8iJt1R4W1wE3T4O2a$F6p9p
4,Emily,Williams,567 Pine St,1112213333,emilywilliams@example.com,$2a$10$S3U9aF6p9pZBZzT1N6YK5eRcXuJz8y3nX4b7Fb8iJt1R4W1wE3T4O
5,Michaela,Anderson,890 Maple St,4445556666,michaelaanderson@example.com,$2a$10$F6p9pZBZzT1N6YK5eRcXuJz8y3nX4b7Fb8iJt1R4W1wE3T4O2a$
6,David,Smith,567 Oak St,7778889999,davidsmith@example.com,$2a$10$Zz8y3nX4b7Fb8iJt1R4W1wE3T4O2a$F6p9p
7,Sarah,Johnson,345 Elm St,2223334424,sarahjohnson@example.com,$2a$10$S3U9aF6p9pZBZzT1N6YK5eRcXuJz8y3nX4b7Fb8iJt1R4W1wE3T4O
8,Matthew,Miller,678 Pine St,5556667774,matthewmiller@example.com,$2a$10$F6p9pZBZzT1N6YK5eRcXuJz8y3nX4b7Fb8iJt1R4W1wE3T4O2a$
9,Ava,Smith,123 Oak St,8889990000,avasmith@example.com,$2a$10$Zz8y3nX4b7Fb8iJt1R4W1wE3T4O2a$F6p9p
10,Oliver,Johnson,456 Elm St,1112233333,oliverjohnson@example.com,$2a$10$S3U9aF6p9pZBZzT1N6YK5eRcXuJz8y3nX4b7Fb8iJt1R4W1wE3T4O
11,Emma,Smith,789 Pine St,4445356666,emmasmith@example.com,$2a$10$F6p9pZBZzT1N6YK5eRcXuJz8y3nX4b7Fb8iJt1R4W1wE3T4O2a$
12,Liam,Johnson,234 Oak St,7778289999,liamjohnson@example.com,$2a$10$Zz8y3nX4b7Fb8iJt1R4W1wE3T4O2a$F6p9p
13,Sophia,Miller,567 Elm St,2223534444,sophiamiller@example.com,$2a$10$S3U9aF6p9pZBZzT1N6YK5eRcXuJz8y3nX4b7Fb8iJt1R4W1wE3T4O
14,William,Smith,890 Pine St,5556667777,williamsmith@example.com,$2a$10$F6p9pZBZzT1N6YK5eRcXuJz8y3nX4b7Fb8iJt1R4W1wE3T4O2a$
15,Isabella,Johnson,123 Maple St,8889920000,isabellajohnson@example.com,$2a$10$Zz8y3nX4b7Fb8iJt1R4W1wE3T4O2a$F6p9p
16,James,Anderson,456 Oak St,1112223333,jamesanderson@example.com,$2a$10$S3U9aF6p9pZBZzT1N6YK5eRcXuJz8y3nX4b7Fb8iJt1R4W1wE3T4O
17,Sophia,Smith,789 Elm St,4445656666,sophiasmith@example.com,$2a$10$F6p9pZBZzT1N6YK5eRcXuJz8y3nX4b7Fb8iJt1R4W1wE3T4O2a$
18,Alexander,Johnson,567 Maple St,7778189999,alexanderjohnson@example.com,$2a$10$Zz8y3nX4b7Fb8iJt1R4W1wE3T4O2a$F6p9p
19,Olivia,Miller,890 Oak St,2223334444,oliviamiller@example.com,$2a$10$S3U9aF6p9pZBZzT1N6YK5eRcXuJz8y3nX4b7Fb8iJt1R4W1wE3T4O
20,Elijah,Smith,345 Maple St,5556667775,elijahsmith@example.com,$2a$10$F6p9pZBZzT1N6YK5eRcXuJz8y3nX4b7Fb8iJt1R4W1wE3T4O2a$